Plot_id,No_trees_ha,BA_sqm_ha,Volume_final_cum_ha,stem_ton_ha,Total_biom_ad_ton_ha,Total_biom_od_ton_ha,carbon_ton_ha,Mean_Diameter2022,Mean_HT_2022
10-72-3,175.33,26.62744131706335,264.21595248279937,236.78866843839967,336.12706140989843,305.57005582718034,143.61792623877477,47.1875,19.08125
10-72-4,722.64,29.94499814874235,140.36790222116002,109.18956054278314,157.42137647319788,143.11034224836172,67.26186085673001,34.49333333333333,12.016
10-72-6,385.98,30.887408832546225,277.30134020154696,251.06590994908052,359.7541681136777,327.0492437397069,153.71314455766225,49.728571428571435,18.445
10-75-3,71.64,34.75659933983974,332.8638737215324,296.5007725124807,423.2005370805217,384.72776098229247,180.82204766167743,73.66666666666667,21.845555555555556
10-75-6,123.82,28.520582121531035,286.2585405258047,239.58326811790997,342.2208591323618,311.1098719385107,146.2216398111,50.54142857142857,19.425
101-40-1,2240.62,33.91615406430238,293.74507331213306,258.3789784055199,332.5907130184426,302.3551936531296,142.10694101697092,19.47741935483871,13.763548387096774
101-40-2,788.3,20.941862880598944,191.2599815367821,168.30878375236824,225.97478662468936,205.43162420426304,96.55286337600363,30.07222222222222,17.505
101-40-3,1050.42,17.30603231034839,167.90936502603753,146.54711294877131,206.3614721722291,187.60133833839006,88.17262901904333,34.93333333333333,16.674166666666668
101-40-4,1052.05,23.75226369228933,201.97054430300324,177.73407898664286,223.40523846043322,203.09567132766654,95.45496552400327,20.029166666666665,15.139166666666668
101-40-5,998.95,20.988102090057556,204.5353842618646,179.99113815044086,244.67242660221504,222.42947872928636,104.54185500276459,28.66875,15.84625
101-40-6,1297.12,29.664845406491327,299.4195127484351,263.4891712186229,368.70440617503834,335.1858237954894,157.53733718388,39.54210526315789,18.95263157894737
103-40-1,2058.69,40.59446159501033,324.4289108816842,192.5741352550738,286.23809735834743,260.21645214395215,122.3017325076575,27.710526315789473,15.566052631578946
103-40-2,1125.42,31.531762209247738,268.770701162078,119.90282065608474,174.0132312389101,158.19384658082737,74.35110789298885,30.907142857142855,15.203571428571427
103-40-3,265.08,19.795503873736962,170.60307171294102,91.51939969289474,132.66413338999683,120.60375762726983,56.68376608481682,37.44375,17.193125000000002
103-40-4,217.32000000000002,8.96276738904907,69.090853605437,33.17232172942793,48.19688194061789,43.81534721874353,20.59321319280946,29.889999999999997,15.007
103-40-5,1239.65,12.725718586890295,78.07576866265859,45.502057862243184,67.56524292761169,61.42294811601063,28.868785614524995,21.292857142857144,10.678571428571429
103-40-6,797.83,16.548804918231426,107.77400576976504,65.62984964694358,95.87113174356202,87.1555743123291,40.963119926794676,20.895454545454545,13.336363636363636
105-36-1,755.15,21.332426990908157,183.78261738651955,149.5623501240177,213.42136185852883,194.01941987138983,91.18912733955321,30.522727272727273,16.110454545454544
105-36-2,673.38,33.37513432229988,329.2886723172423,282.95445045611245,398.36846645043823,362.1531513185802,170.21198111973268,36.13846153846154,19.449615384615385
105-36-3,674.03,38.76376639736405,418.8734661692782,355.4670318628487,501.3561350329239,455.7783045753853,214.21580315043107,40.83076923076923,21.455000000000002
105-36-4,808.21,20.706483221492974,182.90796330324736,144.4979159180484,209.97591252794177,190.88719320721975,89.71698080739328,26.766666666666666,17.271666666666665
105-36-5,734.81,27.46570155207828,264.9198897875675,219.32346445453214,312.4044597904669,284.00405435496987,133.48190554683583,35.76190476190476,19.317619047619047
105-36-6,638.02,24.73132469864481,231.3185142084767,187.04908623602753,266.9706919384166,242.70062903492416,114.06929564641436,28.63478260869565,16.82695652173913
107-33-1,833.19,19.187132689223432,163.1128281367567,129.90076630848608,178.88882860936184,162.62620782669256,76.4343176785455,26.064,16.748
107-33-3,720.87,16.11159844573234,131.91705436810813,106.95520388835425,152.00509515084593,138.18645013713268,64.94763156445235,26.75,14.645
107-33-4,367.67,26.263058289597375,224.81544493286697,193.77541830860145,265.8085046564777,241.64409514225238,113.57272471685862,33.928000000000004,16.8508
107-33-5,1420.3,25.704745265988088,187.27589189180924,152.1585355717349,208.75679823874316,189.77890748976648,89.19608652019024,23.520689655172415,14.258275862068967
107-33-6,777.26,28.6241579054794,255.5794395923157,199.85445333425062,285.9870811387287,259.9882555806624,122.19448012291132,32.99583333333333,17.229583333333334
108-36-1,53.95,9.841578893629492,101.20853457609817,78.83973627659026,112.88337965965738,102.62125423605215,48.231989490944514,48.98333333333333,22.80666666666667
108-36-2,583.84,18.314128402955205,140.15386413766333,103.29076613723149,147.9541000812663,134.5037273466057,63.21675185290468,28.7,14.353
108-36-3,618.76,22.401714051327875,190.2418033318952,148.3501242934627,212.2424455006799,192.9476777278908,90.68540853210867,32.73529411764706,11.836470588235294
108-36-4,516.2,23.165403660263365,227.49930004763786,185.25297412105306,261.97394514540844,238.15813195037128,111.9343220166745,34.054545454545455,19.074545454545454
108-36-5,652.15,23.93243833495464,212.3838482241726,167.5722715623009,240.79614324917156,218.90558477197413,102.88562484282782,29.585714285714282,15.540476190476191
108-36-6,880.47,21.00069206974071,173.28532053466446,147.14654400319856,209.18846554660337,190.17133231509396,89.38052618809417,31.357894736842102,13.354736842105263
11-73-1,1070.57,21.326132409473626,188.34034056151145,155.46661570676582,221.649765229514,201.49978657228542,94.70489968897415,30.145454545454548,18.96681818181818
11-73-3,860.1700000000001,24.893155566097843,189.28011627548958,154.89256604552807,221.47719594270595,201.34290540245993,94.63116553915616,27.71666666666667,13.526666666666666
11-73-4,692.57,15.793894796271672,119.3820033820287,98.50394886250162,141.07687237894265,128.25170216267512,60.27830001645731,28.008333333333336,13.275833333333333
11-73-6,736.83,25.144124891800388,195.72684223726785,167.9337182347816,238.56701239471218,216.87910217701105,101.93317802319518,26.95909090909091,13.37
11-77-1,872.12,25.231017205550362,166.50372490523446,118.69171447491962,172.9352970023375,157.21390636576137,73.89053599190784,25.417241379310347,12.803103448275863
11-77-3,2018.43,19.03828471259275,102.81834741921509,69.83979156453417,102.38014572342807,93.07285974857096,43.744244081828356,15.045833333333334,9.325000000000001
11-77-4,684.2,14.572113854552986,86.49493986603872,59.64462238774527,87.22133679604977,79.29212436004524,37.26729844922126,21.13157894736842,11.128947368421052
11-77-6,348.85,8.11058318342444,45.40604099789694,30.603671632582536,44.78934915093603,40.717590137214565,19.137267364490846,19.53,9.732
11-78-1,348.41,50.73797375924049,531.2037330087522,456.3342441687448,650.572581673047,591.42961970277,277.9719212603019,58.41052631578947,23.52578947368421
11-78-2,282.77,43.61898800555392,413.97163620827314,374.70536747999273,535.6772990664941,486.97936278772187,228.8803005102293,53.252631578947366,20.461052631578948
11-78-3,368.34000000000003,32.19068798128265,288.192092988081,252.4069143492503,351.49003211718275,319.53639283380244,150.18210463188714,36.36785714285714,18.417142857142856
11-78-4,569.02,15.00939176686901,115.71581737216526,98.32295779074676,140.12264316496464,127.38422105905875,59.87058389775761,28.40625,14.7
11-78-5,617.6800000000001,25.576553347448556,215.13615457299,173.0432248212865,249.6135124542218,226.92137495838344,106.65304623044021,28.654545454545453,13.939545454545454
11-78-6,484.36,25.019090187483915,219.80469759820173,192.17063686831062,274.49302948468437,249.5391177133494,117.28338532527422,36.855555555555554,15.049444444444443
110-33-1,506.95,34.267576074284854,312.82017567631743,269.0946481589443,370.18332066790236,336.5302915162749,158.16923701264918,34.625,18.605
110-33-2,929.54,24.22608532506424,227.60736556945764,187.36680625506628,265.92012785422645,241.74557077656948,113.62041826498765,32.10588235294117,16.681176470588234
110-33-3,1017.31,21.566938455176345,167.03400920009975,137.7642586909611,198.16345879885296,180.14859890804811,84.66984148678262,27.177272727272726,14.39409090909091
110-33-4,1023.4799999999999,22.91456983930595,185.39033012938626,154.24532521479375,220.20961666761497,200.19056060692267,94.08956348525365,30.410526315789472,15.365263157894736
110-33-5,242.08,9.100051422303281,71.80452435669397,58.36667418538694,84.6949106475836,76.99537331598508,36.18782545851298,25.52,13.580000000000002
112-41-1,454.29,26.93505678629657,276.67650858572085,238.72412274036787,341.0391664223392,310.03560583849014,145.71673474409033,42.086666666666666,18.736666666666668
112-41-2,717.1,27.417603462246536,269.57737890513914,233.90244942680548,332.3643288292385,302.14938984476225,142.01021322703826,42.18666666666666,18.658666666666665
112-41-3,599.09,29.879727296651993,304.8238788825499,245.66096018290887,335.1250169166379,304.6591062878526,143.18977995529073,39.51052631578947,19.067368421052635
112-41-4,892.6800000000001,33.83005868621483,285.7334027956273,243.55711262494128,335.0231864001025,304.56653309100227,143.14627055277106,31.03870967741935,16.77258064516129
112-41-5,701.87,25.07174182737148,229.53430777536582,176.8259970927917,249.99075688671508,227.26432444246822,106.81423248796006,32.421052631578945,15.575263157894737
112-41-6,1470.02,31.15957961253255,293.6017094037067,238.46186686735572,318.74665784162005,289.7696889469273,136.1917538050558,27.5962962962963,17.84962962962963
113-40-1,1149.53,40.43570322873445,372.3883864908444,310.8136649399303,434.1445034676219,394.6768213342017,185.49810602707478,29.62857142857143,16.67142857142857
113-40-2,874.28,29.797833084026287,252.32783305494686,219.62848169257745,312.55997213662306,284.14542921511185,133.54835173110257,34.33157894736842,15.177368421052632
113-40-3,937.11,29.000135389040494,242.4365893341704,213.5245941353836,289.40484262425815,263.0953114765983,123.6547963940012,26.57241379310345,15.517931034482759
113-40-4,942.61,20.46689379681527,154.7533139756201,120.68173489450244,169.36727184760275,153.9702471341843,72.36601615306661,23.856521739130436,15.034782608695652
113-40-5,1063.3,37.13299191460017,378.7364642698917,325.21804823133596,455.446359533143,414.0421450301299,194.59980816416106,34.370370370370374,18.32
113-40-6,68.1,9.878978548860829,91.61179207525564,67.27271626323063,96.0449106840256,87.31355516729599,41.03737092862911,41.300000000000004,18.695714285714285
114-37-1,908.58,25.39736254950059,201.37834134005635,159.27805103790004,226.77583391288465,206.15984901171328,96.89512903550524,28.433333333333334,16.555333333333333
114-37-2,856.63,33.66079473985756,293.7546683623516,246.42669676475555,353.8078802592362,321.6435275083965,151.17245792894636,29.645454545454548,13.337727272727273
114-37-3,828.08,17.735165101785253,155.38939230434497,115.74039187319846,168.29525444421716,152.99568585837923,71.90797235343824,29.57,18.8445
114-37-4,645.27,18.46632654257575,160.1478599004741,132.96717470315522,190.57801321938214,173.2527392903474,81.42878746646328,31.726666666666667,15.745333333333333
114-37-5,233.24,11.821639519632427,94.90912999775253,81.9530537530388,118.9439908090323,108.13090073548389,50.82152334567743,31.775000000000002,15.699166666666665
114-37-6,284.73,15.020162678011935,152.55999301342862,118.0445038806529,169.05905853256442,153.6900532114222,72.23432500936843,40.29090909090909,20.724545454545453
115-29-1,514.0,24.930292709847045,200.9541229196107,160.9583103040429,224.70441466994512,204.276740609041,96.01006808624926,32.48461538461539,16.490384615384617
115-29-3,853.5500000000001,28.01415119997643,208.57472566084664,162.9190887834771,227.68105158359225,206.98277416690203,97.28190385844395,27.63448275862069,14.142758620689655
115-29-4,730.0,30.678949182437567,241.35818896058692,201.32311824953516,275.7173109372726,250.65210085206598,117.80648740047101,29.203030303030303,15.618787878787877
115-29-6,633.1700000000001,25.766704290372935,199.05121081237823,161.90414875915812,219.9349734692014,199.94088497200124,93.97221593684058,27.810344827586206,15.063448275862068
116-29-1,259.56,26.711622946862082,245.9018451789836,184.70410096199984,265.0650934587809,240.9682667807099,113.25508538693366,40.805263157894736,17.86315789473684
116-29-3,335.16,21.46780816934607,185.37137730986132,160.76031654022498,230.96195407663484,209.96541279694074,98.68374401456215,34.97777777777778,17.082222222222224
116-29-4,257.79,26.267521966541352,260.4595252690656,219.15892713287923,315.41165019808057,286.73786381643686,134.7667959937253,40.33888888888889,20.529444444444444
116-29-6,150.35,29.414086897363802,257.6044312355248,215.0079268926696,307.66351807645145,279.69410734222856,131.4562304508474,48.34,18.502666666666666
117-29-1,569.69,21.784039283644166,179.55908189669307,150.66606136795406,214.64926580699304,195.13569618817547,91.71377720844247,32.77894736842105,16.59421052631579
117-29-3,662.96,16.71042448216258,121.95855354911308,99.21737423131603,140.18408465526133,127.44007695932847,59.89683617088438,30.42777777777778,13.39111111111111
117-29-4,245.41,26.892488614247473,224.79035689856843,190.8429594177432,270.58821987960897,245.98929079964452,115.61496667583292,41.388888888888886,17.02611111111111
117-29-6,492.32,22.294308237107387,196.48648982784374,165.33354162759014,237.04988072777954,215.49989157070866,101.28494903823307,34.41578947368421,18.129473684210524
118-29-1,563.48,21.382843709635935,193.71406490847448,165.69918039086068,235.49576032970555,214.08705484518683,100.62091577723781,38.4875,17.61375
118-29-3,239.89000000000001,23.59242974679062,211.11472761169475,188.41148126290017,265.87907518274426,241.7082501661311,113.60287757808162,38.08095238095238,18.39047619047619
118-29-4,600.64,17.040259195305545,128.2080726165784,104.09730236383785,150.92101824602213,137.2009256782019,64.48443506875489,25.673684210526318,14.607894736842105
118-29-6,757.59,37.102181129495186,328.1196518884908,270.6331504880369,385.0152218526801,350.013838047891,164.50650388250875,37.73076923076923,18.186153846153847
119-29-1,287.19,18.356458670046628,155.85105668999162,132.42980507177668,188.63847528718864,171.4895229883533,80.60007580452604,34.50555555555556,17.180555555555557
119-29-3,665.65,19.971643706125413,158.97770176983366,132.2380924520807,179.63476675079144,163.3043334098104,76.75303670261088,24.663636363636364,14.951363636363636
119-29-4,430.2,22.800852439780698,197.85976831375018,172.70355788673788,245.54695323615047,223.22450294195497,104.91551638271882,38.71666666666667,16.698888888888888
119-29-6,163.83,18.32809642654789,170.21604333524934,145.38896544171186,207.71491602391947,188.83174183992676,88.75091866476558,41.2,19.486923076923077
12-72-1,39.8,11.508688447976166,111.27002214546778,97.91761948801165,138.99268709195562,126.35698826541417,59.38778448474466,60.1,21.814
12-72-3,15.92,13.239997194327206,164.42980681828016,144.69823000008654,206.05027952012324,187.31843592738477,88.03966488587083,102.80000000000001,31.0
120-29-1,230.16,22.19978848982367,204.74094109297633,164.49633705887834,237.97040050296818,216.33672772997105,101.67826203308638,37.60526315789474,18.439473684210526
120-29-3,430.89,30.28354167088033,287.4737515413126,219.47038742424337,313.7580379844592,285.23457998587196,134.06025259335982,37.07083333333333,19.915
120-29-4,457.42,28.707511419308627,236.23465236230416,193.59826399382422,277.4314954445072,252.21045040409743,118.53891168992578,33.792,16.5976
120-29-6,240.77,15.527463391904192,127.85803263622226,100.56491646613313,145.15282435003496,131.9571130454863,62.019843131378565,31.055555555555557,16.843888888888888
121-28-1,330.71999999999997,26.181116497550928,261.03547601219896,222.54397384313978,320.06710814326703,290.97009831206094,136.75594620666863,45.1,19.965
121-28-3,262.88,23.396639872818515,181.8435337897626,152.47675943056828,220.17473944063866,200.15885403694423,94.07466139736377,35.635000000000005,16.316
121-28-4,508.24,22.132792377149727,179.7717107619627,156.76043626951542,225.57014868381336,205.0637715307394,96.37997261944751,33.37142857142857,16.19047619047619
121-28-6,434.62,23.1710127383269,196.72835257514987,166.61280669317858,238.2395245072908,216.5813859157189,101.79325138038787,38.61176470588235,16.375882352941176
122-28-1,728.6,23.15739446824434,217.3817096788327,178.9682511985408,257.0274766507655,233.66134240978678,109.82083093259979,37.76111111111111,19.180555555555557
122-28-3,438.83,26.202835662742068,237.16223173493304,198.5980563483315,285.5377263390684,259.5797512173349,122.0024830721474,38.47727272727273,19.320454545454545
122-28-4,211.59,24.600623558636926,235.81381139215028,196.75081453053664,280.1918764153451,254.71988765031372,119.71834719564745,41.647368421052626,20.629473684210524
122-28-6,491.63,34.120416813661215,266.28508837344305,215.66307248668122,308.58984770404084,280.5362251854917,131.8520258371811,51.70769230769231,18.086153846153845
122-32-1,165.81,7.08512931231366,58.34091174142387,45.94568435414694,60.188984245616965,54.71725840510632,25.71711145039997,28.5125,16.34625
122-32-6,452.54,18.663932516283026,149.52849471133462,130.4747364195222,179.5578229872259,163.23438453384173,76.7201607309056,29.776470588235295,15.704117647058824
123-28-1,498.51,20.46305913740637,179.20339409957256,112.048321247021,162.65874056875708,147.87158233523368,69.49964369755983,32.56842105263158,17.80894736842105
123-28-3,1184.8700000000001,32.03370003598476,254.38952040791423,181.34604538148082,263.05498446774027,239.14089497067295,112.39622063621628,32.332142857142856,16.331785714285715
123-28-4,284.11,27.20801113446857,265.1915101447381,205.34388179942263,295.94330521223173,269.03936837475607,126.44850313613534,36.66,19.6084
123-28-6,293.38,34.84717495106455,293.8958695260006,243.41051118198376,348.92321958440397,317.2029268949127,149.08537564060896,44.861111111111114,19.375555555555554
124-27-1,249.83,20.25826303200875,179.74549399425496,150.58410471657535,210.1189938872705,191.0172671702459,89.77811557001556,36.57058823529412,17.310588235294116
124-27-3,407.65999999999997,23.244129129020973,197.184993912831,157.8830756158946,227.47295102054795,206.79359183686176,97.19298816332503,35.76190476190476,16.24857142857143
124-27-6,565.92,32.2318201313298,343.7347635496933,276.7573548909636,398.90764881008704,362.6433171000791,170.44235903703716,41.42,17.886000000000003
124-32-1,2408.4,35.89699931877851,287.6139398176502,242.4287404053599,326.3903293235264,296.7184812032058,139.4576861655067,22.302380952380954,14.939523809523811
124-32-2,2272.46,29.415240325252583,221.7434127810908,174.5316604218757,216.93270417231435,197.21154924755848,92.68942814635248,18.845714285714287,13.041714285714285
124-32-4,1207.44,18.129706586203636,123.60088350320848,107.43036381305546,130.59864105884654,118.72603732622412,55.80123754332533,16.904166666666665,12.46875
124-32-6,2161.09,32.59359661078702,238.78757301513951,208.41718680676925,250.71021940778743,227.91838127980674,107.12163920150915,16.929268292682927,13.965853658536586
125-25-1,71.64,11.168904782138181,99.33725882701343,84.3925594093293,118.61692820480735,107.8335710952794,50.68177841478131,44.05555555555556,19.502222222222223
125-25-3,131.78,16.545137768542816,139.22369648658628,110.30444718815164,154.00497889263318,140.00452626603015,65.80212734503417,39.84666666666667,18.31
125-25-4,87.56,17.853334114538697,160.7767490128113,125.70571565600916,178.14415872414202,161.94923520376545,76.11614054576975,48.95454545454545,19.923636363636362
125-25-6,93.75,13.334590478440957,113.47105853954471,94.70291020986448,133.26426302416198,121.14933002196543,56.94018511032375,42.64545454545455,19.581818181818182
125-28-1,406.99,17.379430572589325,144.62845979720169,104.47900220812109,151.0903998598356,137.3549089634869,64.55680721283883,33.43333333333333,16.98611111111111
125-28-3,109.67,14.490389743461506,110.43763716101262,76.9109832170841,110.43352194818233,100.39411086198393,47.18523210513245,41.03846153846154,16.565384615384616
125-28-4,462.97,34.13658163518683,313.04643472716725,218.63885243821332,315.7892456230871,287.0811323846246,134.92813222077356,32.605555555555554,16.459166666666665
125-28-6,419.37,23.336144053066057,174.0757182462463,133.1915152558898,192.09166282249006,174.62878438408185,82.07552866051847,37.55555555555556,14.990555555555554
126-26-1,184.17000000000002,15.107671867041386,128.3699111651638,97.41462149046858,139.04566884309565,126.40515349372332,59.41042214204996,34.9,17.717142857142857
126-26-3,214.24,14.768903383307464,116.85178471284343,89.25273300098297,128.18503562628618,116.53185056935106,54.769969767595,31.905882352941177,17.25294117647059
126-26-4,594.24,19.03599134995563,144.90838937789093,112.67011260496291,158.80153477211977,144.36503161101797,67.85156485717845,28.131999999999998,15.463199999999999
126-26-6,317.93,29.989602489091997,267.0179395760954,185.50043966381114,266.7064984851372,242.46045316830651,113.95641298910407,38.425000000000004,18.205416666666668
127-25-1,170.02,15.432848737106413,109.62286521490208,70.16906190516872,101.60161413519516,92.36510375926832,43.41159876685611,37.96923076923077,14.806923076923077
127-25-3,346.64,26.466182596464385,206.46363851880437,139.30125301498566,201.43153935614507,183.11958123285913,86.06620317944379,44.52777777777778,17.109444444444442
127-25-4,55.72,13.05194397135744,77.40075887756294,52.135373103116386,75.3198954697839,68.47263224525808,32.1821371552713,52.685714285714276,14.39857142857143
127-25-6,601.51,28.23650338906029,219.2451468318352,150.1980555490718,218.79133124289416,198.90121022081286,93.48356880378203,39.825,15.407
128-26-1,630.02,14.916037275570421,84.63081980038262,58.13078094286281,83.62709790550258,76.0246344595478,35.73157819598746,27.625,11.36
128-26-4,620.08,46.226857485990664,472.77731465256426,323.0214694033136,465.25940665645606,422.96309696041453,198.79265557139485,43.325,16.764
128-26-6,410.33000000000004,26.759712004614943,169.76989978665253,115.64231941778318,167.94107472040682,152.6737042912789,71.75664101690109,32.39090909090909,14.34909090909091
129-26-1,251.6,22.338813444500854,190.91222610811766,159.48279338866575,225.6294958066002,205.11772346054562,96.40533002645644,37.46111111111111,16.82166666666667
129-26-3,538.98,28.896987595254906,252.59240220422583,212.65888913069415,300.48669606014306,273.1697236910391,128.3897701347884,35.44074074074074,17.50888888888889
129-26-4,969.6,26.99309841742999,226.8263063096743,190.13361401201797,257.45734511055855,234.05213191868958,110.0045020017841,27.03030303030303,16.764242424242425
129-26-6,873.2,21.17787755768196,153.4498657403719,114.2103764983485,161.94035082718446,147.21850075198586,69.19269535343335,26.233333333333334,14.0775
13-73-1,193.44,6.007388438120637,30.332495909124034,26.889889102350956,41.14199408660665,37.40181280600604,17.57885201882284,24.099999999999998,10.061428571428573
13-73-3,1215.38,15.939219586697096,79.58683893711927,74.73560730012271,110.63077242660498,100.5734294787318,47.26951185500394,17.236363636363635,9.966363636363637
13-73-4,84.9,3.386292562014964,19.32604927440802,18.5530073034317,27.11470361892683,24.64973056266075,11.585373364450552,22.46666666666667,11.933333333333332
13-73-6,78.04,2.549882787904851,13.030877260099999,9.06563160114043,13.261163070010266,12.055602790918424,5.666133311731659,21.400000000000002,10.766666666666666
130-27-1,216.68,25.22672965414452,221.93431303595173,193.71627073273436,272.94845897738367,248.13496270671237,116.62343247215482,39.29047619047619,18.49857142857143
130-27-3,1437.97,28.19327053454551,212.71519643484632,174.8106395146882,238.2837000420354,216.62154549275945,101.81212638159694,27.182758620689658,14.54206896551724
130-27-4,257.12,18.99147589311613,164.20585026071822,139.08076260861262,198.51241102196045,180.46582820178222,84.81893925483764,37.373333333333335,17.15
130-27-6,1177.1200000000001,21.937869881201316,158.43927079726308,125.76720714155917,173.30122392114365,157.54656720103966,74.04688658448865,24.876190476190477,14.36142857142857
132-24-1,493.61,7.312792497296101,45.14961759735408,28.566488726272784,41.47202895945106,37.70184450859187,17.71986691903818,27.9875,11.35875
132-24-3,2051.31,16.551469397208713,89.9152487032512,63.953486546829154,92.85958020809089,84.41780018917352,39.67636608891156,22.08823529411765,8.493529411764705
132-24-4,493.60999999999996,25.14915287732477,209.45313275951054,150.64182216583202,217.1213084863835,197.38300771489406,92.7700136260002,51.725,14.3725
132-24-6,89.54,12.327729864269052,91.18555644102686,64.43784822646647,93.08566736243667,84.6233339658515,39.7729669639502,51.88333333333333,16.666666666666668
133-26-1,810.62,12.982153302062386,26.665511504081902,13.683527595978973,19.98614258849898,18.16922053499907,8.539533651449561,20.064285714285713,4.325
133-26-3,2716.5,28.710445344833833,176.51216577290023,145.1943562572494,210.43337566268025,191.30306878425475,89.91244232859974,17.073333333333334,7.342666666666667
133-26-6,670.72,23.052508564761208,178.39309227321036,142.0412357574188,204.2153247641187,185.65029524010788,87.2556387628507,26.33809523809524,11.948571428571428
14-74-1,711.14,10.092655583260974,32.1302229164209,17.362215027463336,25.41172709250727,23.101570084097517,10.857737939525832,18.7,5.966666666666666
14-74-3,116.07000000000001,33.432238517893424,287.3985561557122,195.2697622940692,281.58584550559624,255.98713227781474,120.31395217057292,61.94285714285714,16.412857142857142
14-74-6,211.13,13.149673208965972,99.44058375568841,75.02120872855176,108.78208041945443,98.89280038132219,46.47961617922143,35.989999999999995,15.290000000000001
14-76-1,523.75,29.280848308677577,247.37176918453267,204.8897393627367,294.13508545044306,267.39553222767546,125.67590014700747,31.76774193548387,17.40967741935484
14-76-2,436.2,35.448249126905665,299.9216193354938,258.3629809505024,366.10441268178704,332.82219334707906,156.42643087312715,39.05925925925926,17.628148148148146
14-76-3,751.4,35.89675848428569,312.5602752039743,263.8936488838478,377.49295437864487,343.1754130714953,161.29244414360278,37.13076923076923,16.48576923076923
14-76-4,409.45,24.063866258860983,192.70490722928838,166.05286143440424,241.14044147848495,219.21858316225902,103.03273408626174,32.72,17.2856
14-76-5,1421.4,22.791078112513325,153.54807301255215,122.16014342246197,173.31663007007222,157.56057279097473,74.05346921175811,23.107407407407408,12.25925925925926
14-76-6,213.57000000000002,17.34930809472678,133.62055772590392,95.61102736158692,138.55363812205118,125.95785283822833,59.20019083396732,37.535714285714285,16.217142857142857
15-72-1,55.72,25.661312684720354,255.90497721774017,225.19637995161133,320.5881872584125,291.4438065985568,136.9785891013217,76.14285714285714,23.187142857142856
15-72-3,31.84,13.059163577155902,131.48421716434348,111.99752871755811,159.79549737243315,145.26863397493923,68.27625796822143,71.82249999999999,24.3775
15-72-4,79.6,31.7238597615201,301.7141491510028,264.21214042501924,376.16229943445353,341.9657267585941,160.72389157653922,69.69,20.94
15-72-6,286.5,43.77306888594379,415.3999566444365,354.55919030637517,507.25470388861936,461.14063989874484,216.73610075241007,70.04166666666667,20.5225
15-77-1,141.72,11.612665300209056,103.79353578788243,81.52215344542415,164.46637148741675,149.51488317037885,70.27199509007805,37.06363636363636,16.17
15-77-2,177.98000000000002,18.562893304508655,157.41321874903144,112.52297141801148,193.81104527069297,176.19185933699362,82.81017388838698,40.800000000000004,15.914285714285715
15-77-3,98.17,9.19288836762812,79.75770603421654,59.183405861366985,104.76212643097114,95.2382967554283,44.7619994750513,35.4,16.772
15-77-4,1873.08,48.880537568086126,391.1944919856846,296.2021947758025,571.0641592402192,519.1492356729265,244.00014076627542,26.3722,15.7348
15-77-5,499.20000000000005,30.730683956363162,247.56479758531836,190.38406816086808,306.2384866343293,278.39862421302666,130.8473533801225,34.356,14.1656
15-77-6,79.6,11.399001154192772,122.87341789118345,79.94659557968944,104.982577393598,95.43870672145273,44.85619215908278,41.88,21.315
16-69-1,1156.35,21.998290546203517,150.65179895321938,76.99611209326737,111.90948169319697,101.73589244836087,47.81586945072961,26.244,13.421199999999999
16-69-4,1157.49,27.216418939617462,164.11740658574288,103.52855919748897,156.44518441009413,142.22289491826737,66.84476061158567,24.589655172413792,12.050689655172413
16-69-6,570.36,29.519428457445407,216.13723077801404,135.8770573762306,196.5082171382411,178.64383376203733,83.96260186815753,36.89545454545455,14.986363636363636
16-73-1,110.55,15.023552610423199,133.75797321459174,104.00291989721498,151.97894143536496,138.16267403214997,64.93645679511047,41.382,18.213
16-73-3,3065.68,35.22371645260873,260.63714671794617,197.18828887865703,271.35472509079915,246.68611371890827,115.94247344788688,23.630000000000003,10.060500000000001
16-73-4,108.11,10.912218087673331,99.41056776305342,82.82534441719235,118.36263903562346,107.60239912329405,50.57312758794821,41.483333333333334,15.346666666666666
16-73-6,1474.8700000000001,29.03776378363294,259.65008885807214,209.69535358713256,300.83773504637264,273.4888500421569,128.53975951981374,26.995238095238093,12.966190476190476
16-79-1,547.83,42.88690345488605,429.6588426466168,351.7159304877313,492.04498017681993,447.31361834256353,210.23740062100487,42.08125,20.9709375
16-79-2,209.15,27.47047798242491,321.6943323066296,250.85031652113526,345.67091737249086,314.2462885204462,147.69575560460973,47.1,22.601999999999997
16-79-3,784.09,15.346681338007274,134.5300211377511,87.58374137428277,121.42020133467618,110.38200121334198,51.87954057027073,24.200000000000003,10.598461538461539
16-79-4,53.95,12.843817063034686,148.88379893925915,76.02061071122432,109.77954626122107,99.79958751020096,46.90580612979445,52.56666666666666,24.516666666666666
17-67-4,984.37,21.487527113910602,141.12598576698326,116.83757596019655,167.8110519472255,152.55550177020498,71.70108583199634,26.365,12.8345
17-70-1,2170.92,24.737361873685266,171.8500991631018,148.93044547922068,208.18571459396264,189.25974053996603,88.95207805378404,25.77692307692308,12.653846153846153
17-70-3,693.26,16.051992356435306,108.47060156949574,93.5382824410222,129.4338878748161,117.66717079528736,55.303570273785056,24.35,12.575555555555557
17-70-4,1212.04,29.45734855242923,259.66029943797207,231.11552439346198,331.9520535063816,301.77459409671053,141.83405922545393,30.33888888888889,14.743888888888888
17-70-6,1047.59,16.829820985851615,120.42776908415878,102.4880939054833,147.5209765733023,134.10997870300207,63.031689990410975,22.431578947368422,12.86
17-73-3,931.29,25.844452260430362,216.71591983932836,155.25865909847977,224.1990769377467,203.8173426706788,95.79415105521903,40.15333333333333,16.234666666666666
17-73-6,251.14000000000001,9.544457616204284,68.23384800484094,43.11116550950535,61.82549317487883,56.204993795344386,26.41634708381186,27.54444444444444,12.565555555555555
18-70-4,1367.24,39.31494519392426,313.1500861279789,250.326317374686,361.6467954421632,328.76981403833014,154.52181259801517,33.199999999999996,13.944444444444445
18-70-6,488.8,25.414867276000923,201.7168383359512,174.70221373383325,252.62730383923562,229.661185308396,107.94075709494612,33.089999999999996,14.445500000000001
18-76-1,946.13,21.671091566465062,183.2871982371146,120.10381443455164,171.49330997767484,155.90300907061348,73.27441426318833,28.827272727272728,14.099545454545455
18-76-2,201.4,6.898309839902852,54.1626153197567,31.701743562378915,62.3778422461853,56.7071293147139,26.652350777915533,25.7,15.325
18-76-4,398.36,12.321104378880321,119.81253095915636,78.1839405864553,103.36320439794817,93.96654945268014,44.164278242759664,31.464285714285715,17.732857142857142
18-76-5,162.06,10.047516920832802,83.3486842440854,64.79669619138632,83.99663159055304,76.36057417323003,35.889469861418114,30.891666666666666,16.823333333333334
18-76-6,511.99,16.30103873683653,139.84175349663772,103.91631021485509,149.3227069643202,135.74791542210926,63.80152024839135,29.54705882352941,16.449411764705882
19-69-1,3738.42,34.4795253269733,211.16444424594238,182.72775097341975,249.67564775839918,226.97786159854468,106.67959495131599,16.271428571428572,10.967380952380953
19-69-3,824.82,35.861287279996795,296.56666180387936,250.09579710305644,354.2170083199872,322.01546210907924,151.34726719126724,30.140625,15.4921875
19-69-4,590.03,24.14352849557002,204.93747998076202,168.80793985377187,239.76080856116585,217.96437141924164,102.44325456704357,32.36,15.809000000000001
19-69-6,1749.18,32.383130613946065,247.77230915288857,211.28756375112644,301.3506455374198,273.95513230674527,128.75891218417027,30.854166666666668,12.976666666666667
19-72-1,377.4,28.19441897515595,254.1624288475921,220.26125964383178,312.64420776207254,284.22200705642956,133.58434331652188,35.85925925925926,18.511111111111113
19-72-3,366.98,25.54111617446208,237.39771713921823,200.60974742074933,283.99077364777384,258.17343058888525,121.34151237677607,41.01052631578948,19.04263157894737
19-72-4,269.07,17.192636837676332,142.93760282908985,122.18425296159307,166.64587914863657,151.49625377148777,71.20323927259925,30.98,15.9305
19-72-6,164.5,21.94214905240875,218.7751104879932,182.20346391580102,260.935902426924,237.21445675174903,111.49079467332204,39.93125,18.4675
20-67-3,47.76,15.9641056736326,139.5516926522318,126.69766157144188,181.34866072049095,164.86241883680995,77.48533685330067,63.43333333333334,19.51
20-67-6,257.33,7.0100265318546295,33.45601208651888,26.23396305743672,37.76754749350897,34.33413408500815,16.137043019953833,24.055555555555557,7.711111111111112
20-72-3,145.26,39.4495765448816,438.3027748405749,394.1199172745723,566.4686319554621,514.9714835958746,242.03659729006102,62.98461538461538,24.762307692307694
20-73-2,997.4300000000001,34.50345211288407,313.62100627072317,267.6388597686966,378.92329798508365,344.4757254409851,161.903590957263,34.806666666666665,17.953666666666667
20-73-3,342.02,19.704803776903244,163.70976129151558,140.6181194644718,199.9713825434482,181.79216594858923,85.44231799583694,31.61904761904762,17.446190476190477
20-73-4,212.47,17.96784004596602,162.29464569652524,136.08085040445022,197.27520457348808,179.34109506680736,84.29031468139945,34.4875,19.170625
20-73-5,203.63,20.607855582633295,191.09355504603533,171.58785563133858,242.62478607321924,220.5679873392902,103.6669540494664,39.18888888888889,19.738333333333333
20-73-6,524.16,20.147356462554555,163.16245495845035,142.51458052472339,201.39017296600412,183.0819754236401,86.04852844911083,31.578260869565216,16.988695652173913
21-67-1,509.55,19.86908864447976,176.22123733552215,149.1528893137353,210.42371166644762,191.29428333313416,89.90831316657305,35.215384615384615,14.825384615384614
21-67-3,1036.96,26.878070298325767,217.3961940636324,174.21816692093515,248.78152990630852,226.1650271875532,106.29756277815,34.2235294117647,15.366470588235295
21-67-4,2728.0,34.11724289401922,229.8804634838476,178.70985936602838,246.4933545795674,224.0848677996067,105.31988786581515,21.466666666666665,11.654242424242424
21-67-6,479.96000000000004,38.88669642309817,364.7430430669034,312.8878971372246,447.16921865014746,406.517471500134,191.06321160506297,41.800000000000004,16.85363636363636
21-70-1,55.72,28.40279483113456,331.540093218601,294.2453586355273,419.4451477335231,381.31377066683916,179.2174722134144,78.32857142857142,28.732857142857142
21-73-1,794.33,43.81418816331504,343.8699157868674,284.3639616789376,402.5232968932954,365.9302699029958,171.98722685440802,34.46341463414634,15.520731707317074
21-73-3,368.34,26.143088288169423,218.92004541778783,189.78353536711688,272.994477833741,248.17679803067358,116.64309507441658,33.55714285714286,17.909285714285716
21-73-4,372.5,24.981246986493783,199.42703208545325,162.12052651544082,233.50105161619805,212.27368328745274,99.76863114510279,43.6,18.04
21-73-6,146.14000000000001,8.718134137366027,72.87355822532813,53.03800963062813,77.20634404675366,70.18758549704877,32.98816518361292,30.6,18.512999999999998
21-76-1,889.57,22.554375952855942,184.76649095157637,126.19798775745856,177.98989502107958,161.80899547370868,76.05022787264308,24.178571428571427,16.13357142857143
21-76-3,1292.56,32.40886211131863,273.04431463388715,189.35579407496613,301.17857468654285,273.7987042604935,128.6853910024319,24.541935483870965,14.54225806451613
21-76-4,516.0,29.866104604777775,305.34624115884236,212.91072546194292,334.87249307945694,304.4295391631427,143.08188340667704,31.3625,17.789583333333333
21-76-5,86.67,4.552191403390309,32.129410774490545,26.672766300666517,55.50987208723525,50.46352007930477,23.717854437273242,26.599999999999998,13.125714285714285
22-69-1,491.63,30.00883451035717,296.9985709393503,259.88317011132466,369.8375828412704,336.21598440115486,158.02151266854275,52.715384615384615,19.810769230769232
22-69-4,71.64,22.632311664490345,224.8134841276513,181.76464738865343,259.0672572320208,235.51568839274614,110.6923735445907,62.25555555555555,22.123333333333335
22-69-6,47.76,16.736199192142095,168.28453914968097,148.09039445171925,210.50952780004934,191.37229800004485,89.94498006002107,65.5,22.301666666666666
23-63-3,727.06,12.044141460584102,58.323708820919784,45.61990819035759,66.48198921542186,60.43817201401987,28.405940846589335,22.192857142857143,9.657142857142857
23-63-6,567.9,13.236226207147412,71.06465704936794,54.15863937844338,79.07162696598036,71.88329724180032,33.78514970364615,29.346666666666668,11.111333333333333
23-67-1,351.27,11.769586062548052,82.03381924365284,54.79611832948406,79.57645938412665,72.34223580375149,34.000850827763195,31.09090909090909,14.19
23-67-3,866.36,20.11029560452896,143.213044449636,124.19126893004984,180.97083371767607,164.51893974334186,77.32390167937068,23.995833333333334,13.735416666666666
23-67-4,700.14,19.345661216580776,124.42487408371667,103.68904152817608,151.18861966798605,137.44419969816911,64.59877385813948,23.22083333333333,12.406666666666666
23-67-6,386.88,10.419015050902573,70.50396418290119,58.6082960405927,85.58928214494898,77.80843831358997,36.569966007387286,22.957142857142856,13.52
23-72-1,119.4,35.14177085138119,369.48074563138266,319.5594371481309,454.9876302231234,413.62511838465764,194.40380564078907,58.86666666666667,25.70133333333333
23-72-3,255.14,30.2968446821401,278.85413222731637,233.72681947400287,332.2035703281131,302.00324575283,141.9415255038301,43.855000000000004,19.3595
23-72-6,273.25,16.58444648323594,124.04610794749821,103.5258373516341,149.86391871078658,136.23992610071505,64.03276526733606,33.29090909090909,13.998181818181818
23-73-2,23.88,5.674168407566018,71.13835881135903,61.15869599511249,87.72085512505345,79.74623193186676,37.480729007977374,54.6,30.5
23-73-4,816.37,25.410045331830727,210.9570921202178,190.31410639763402,274.0752202623702,249.15929114760925,117.10486683937634,34.6,17.52521739130435
23-73-5,332.51,26.461777651595064,236.65622554198256,222.08786204704916,321.90373665052863,292.63976059138963,137.54068747795313,38.96,20.5105
23-73-6,317.05,40.10486585273414,371.8755482828247,341.10528777193423,487.0558234396536,442.7780213087759,208.10567001512467,43.53333333333334,19.746666666666666
24-70-1,767.53,30.48127893959858,276.5819842901953,252.7867738663559,368.0392748972194,334.58115899747213,157.2531447288119,33.27727272727273,16.87409090909091
24-70-4,15.92,6.249331190585237,37.29240162763722,33.19969310566135,47.827128115622244,43.4792073778384,20.43522746758405,70.6,16.4
24-70-6,519.47,3.977148511400733,17.183175613774235,13.524060575520702,19.79293066670384,17.993573333367124,8.456979466682549,15.999999999999998,7.683333333333334
24-76-1,970.01,25.70799886427376,227.05594328238607,195.59903529705406,274.57579694381155,249.61436085801049,117.31874960326492,31.268,16.6952
24-76-2,1582.29,24.192852262067596,201.22884402818696,173.37572641407334,249.14061984758385,226.49147258871258,106.4509921166949,25.685714285714283,13.353809523809524
24-76-3,951.42,32.17040640103581,300.1675824156919,261.5539449973878,374.08102081849137,340.0736552895376,159.83461798608266,40.68636363636364,19.132727272727273
24-76-4,513.12,38.72171646243909,371.8767322080997,321.35861777039963,458.53273518731584,416.847941079378,195.91853230730766,40.13793103448276,19.775517241379312
24-76-5,828.77,26.82333398394708,218.85238308215887,154.4910171327089,223.11272341113735,202.82974855557939,95.3299818211223,31.384615384615383,15.788461538461538
24-76-6,1059.12,32.9819032825711,286.87984770485065,234.23192067284327,328.0994489045264,298.27222627684216,140.18794635011582,30.466666666666665,17.8125
25-70-1,39.8,13.031456923097071,132.45331248036956,118.42509328783353,169.92343461679752,154.4758496516341,72.60364933626802,62.379999999999995,24.942
25-70-6,2047.79,14.960893571650889,71.54505872104673,53.88274452021041,78.59600966643634,71.4509178785785,33.58193140293189,15.894444444444446,8.228333333333332
26-63-6,784.78,18.899539061210437,130.10430011813358,73.36873340574891,113.72579003057425,103.38708184597658,48.59192846760899,23.836842105263155,12.81
27-74-1,1574.33,34.86376989589436,293.3607230853914,263.53039034733297,378.7331554379314,344.3028685799376,161.82234823257065,30.255000000000003,11.988
28-65-1,607.26,12.35135189998446,82.30688007111343,38.29988332660685,57.31795633833761,52.10723303485237,24.49039952638061,22.864285714285717,13.315
28-65-3,307.07,11.150451114014885,66.58715184835347,45.502611745372576,66.0889491768678,60.080862888061624,28.238005557388963,25.709999999999997,10.57
29-68-1,669.1700000000001,25.571900538772844,232.29096324865452,199.1394009374568,283.1050363859878,257.36821489635247,120.96306100128567,32.50476190476191,16.94047619047619
29-68-2,341.14,28.974166442241188,263.50363709551334,215.63229095322066,304.1489242185894,276.49902201689946,129.95454034794273,37.9375,18.357916666666668
29-68-3,236.35,21.35006658598111,213.29557503222185,186.25808328775807,257.76490568547587,234.3317324413417,110.13591424743059,36.52105263157895,20.40105263157895
29-68-4,247.85,22.79151996181209,228.11337977880808,194.12486732909247,272.93456704403854,248.12233367639868,116.61749682790737,36.60909090909091,20.556818181818183
29-68-5,196.34,27.786786591959782,301.26965337933296,259.1128064851974,366.27389878301517,332.9762716209229,156.49884766183374,42.815,22.691499999999998
29-68-6,569.0,19.223646218976914,196.27671237648192,171.5101423507923,244.2582053141407,222.05291392194607,104.36486954331464,39.53076923076923,20.08153846153846
3-76-3,142.39000000000001,12.844888181195948,90.1747875275817,69.7602731582095,99.08264579154643,90.07513253776948,42.33531229275165,34.56428571428571,15.642857142857142
3-76-4,233.91,11.740175823009986,73.01276012863804,49.5138685348272,72.12424692002723,65.56749720002475,30.81672368401163,29.186666666666667,12.599333333333334
3-76-6,433.95,21.140813306736305,166.81639009560826,120.89964705646422,174.73037351816973,158.84579410742703,74.6575232304907,37.18571428571429,15.323571428571428
30-64-3,1063.97,25.32978016065961,166.25977346244247,106.60675871894739,155.30160605531302,141.18327823210274,66.35614076908828,27.77,14.165
30-69-1,415.43,28.547231399069034,246.61389392136758,216.13897225878566,300.98798453064927,273.6254404824084,128.60395702673193,33.70645161290323,18.143870967741936
30-69-2,269.96,25.28642770571251,231.24482323107975,202.859448263675,286.03062475621823,260.0278406874711,122.2130851231114,37.24166666666667,19.520833333333332
30-69-3,15.92,4.100072905830027,42.75353936982853,40.615862401337104,58.66007854360879,53.32734413055344,25.063851741360118,57.2,26.34
30-69-5,538.5,14.975755849592417,131.12554594702655,101.0186067426702,185.2541803738453,168.41289124895025,79.15405888700661,31.86,18.096666666666668
30-69-6,394.87,25.033964819738557,208.6091994350824,177.12649598349466,246.46232015610636,224.0566546873694,105.30662770306361,31.389655172413793,16.443793103448275
31-59-1,456.73,29.53534768496533,232.35475993330908,194.578050624006,281.05381076069887,255.50346432790803,120.08662823411677,38.847368421052636,15.149473684210525
31-59-3,73.62,15.694818247383743,174.06602559706377,146.8674053552553,209.5640631934471,190.51278472131554,89.54100881901829,69.525,22.6425
31-59-4,200.3,10.112692629789642,63.738671646118355,30.091480304873834,43.60965240953194,39.645138554119946,18.633215120436372,29.21,12.417
31-59-6,503.36,24.598383069004168,223.42740663156468,190.4731763892975,272.0684467888369,247.33495162621534,116.2474272643212,41.92307692307692,15.977692307692308
31-62-1,1470.04,28.031706686760064,218.6931342041721,190.64236557367403,247.83655728348208,225.30596116680186,105.89380174839687,23.013333333333332,14.839
31-62-3,686.4200000000001,28.336140146750203,282.52614774585595,245.51441042981335,341.40141513296305,310.3649228481482,145.87151373862963,30.09444444444444,15.310555555555554
31-62-4,2071.28,31.523351176112396,231.0463611609267,203.3207978216155,257.92078822378767,234.47344383980692,110.20251860470924,21.775,13.5059375
31-62-6,873.61,43.13722963374056,392.48943251619875,345.5582370320947,484.19073184880193,440.1733925898199,206.88149451721534,47.20625,16.610625
31-66-1,516.22,20.513596336212416,182.84350995653088,156.5956448344092,224.33519566451545,203.9410869677413,95.85231087483841,29.144000000000002,17.9616
31-66-3,373.19,28.888876372160475,260.19246495155465,230.48745082281613,330.6954943399755,300.6322675817959,141.29716576344404,38.13636363636363,16.376818181818184
31-66-4,634.9,25.087502946387126,205.83435343272933,182.8187130975358,258.66891866924436,235.15356242658578,110.5221743404953,33.9,16.627916666666668
31-66-6,241.66,30.157706064640713,292.2351946115165,263.26524246207856,377.0857969490968,342.80526995372435,161.11847687825042,43.095454545454544,20.10590909090909
32-63-3,537.1800000000001,23.44083114871209,230.1231215599648,206.09518287237515,295.4264443517795,268.56949486525406,126.22766258666942,38.050000000000004,16.2775
32-63-4,63.68,14.666776002377704,122.17646064370882,106.58685344581659,151.14824768384628,137.40749789440568,64.58152401037067,53.824999999999996,18.384999999999998
32-63-6,2285.86,23.87176971189827,182.29081887345598,161.01861672669028,217.92700463043687,198.1154587549426,93.11426561482301,22.5,11.959999999999999
32-66-1,159.41,23.61933686740407,233.0825991657146,212.93861676779238,306.83949278595065,278.9449934417733,131.10414691763344,46.99285714285714,21.50142857142857
32-66-3,87.56,24.444837146865325,240.61103510748939,226.08318603713815,326.1340400544541,296.4854909585946,139.34818075053946,57.59090909090909,23.798181818181817
32-66-4,235.68,26.26047376415312,236.64666076009019,211.87167863657652,303.921515189964,276.2922865363309,129.8573746720755,42.9125,19.2625
32-66-6,418.05,29.36658258425155,269.90518084488787,248.74166693461814,359.7061962302646,327.0056329366042,153.69264748020393,38.013333333333335,17.625999999999998
33-61-1,204.94,13.824897767891231,141.06040549301176,120.88012893995449,174.56372675766949,158.69429705242678,74.58631961464059,39.03,20.959
33-61-3,263.98,19.814100240852564,182.6177782661054,149.5028956467031,212.64795554536727,193.31632322306115,90.85867191483874,35.63333333333333,17.32166666666667
33-61-4,873.63,23.450737988357588,192.35967638945596,157.07511930197336,224.9822829737347,204.5293481579406,96.12879363423208,29.72631578947368,15.005789473684212
33-61-6,101.71,22.975183256725412,238.74530739581104,209.38324788188032,297.0594207101815,270.0540188274377,126.9253888488957,53.51666666666666,22.6375
34-56-1,15.92,11.102104626306003,114.76472410973668,100.20555211150271,142.7677614575358,129.78887405230526,61.000770804583475,81.9,18.7
34-56-3,260.87,19.889747985535234,172.38187573264543,138.5202971770856,200.41248633400915,182.19316939455376,85.63078961544026,40.47272727272727,15.502727272727272
34-56-4,237.66000000000003,8.271900164859165,62.49343536073708,43.493961079539496,64.97788494766287,59.070804497875336,27.76327811400141,26.1,15.760000000000002
34-56-6,925.35,20.580247101459936,171.55786767554034,150.97092355447552,204.37962434682456,185.79965849711323,87.32583949364322,23.773333333333333,11.034666666666668
34-64-1,368.98,17.89619344939493,165.2570222041207,134.21671378969648,189.4769861972113,172.25180563382844,80.95834864789936,31.629411764705885,18.829411764705885
34-64-2,277.46000000000004,16.865557183480842,149.69945253325574,126.52753133046133,181.72085422426804,165.20077656751639,77.6443649867327,33.24375,18.534375
34-64-3,298.90000000000003,14.965817460502695,128.9148924659246,111.48587044439155,155.72839332573056,141.57126665975505,66.53849533008487,32.22,17.574
34-64-4,353.73,17.8476291864833,163.44480874112043,138.59832883657506,197.6217383795313,179.6561257995739,84.43837912579973,30.43333333333333,18.83833333333333
34-64-5,413.87,19.249944836655306,172.31773858074976,150.4097144628037,206.54651374565705,187.76955795059732,88.25169223678073,28.729166666666668,17.914166666666667
34-64-6,597.58,25.40803953487715,191.10295876589282,165.93950021143152,236.8364736374705,215.30588512497317,101.19376600873738,27.648275862068964,15.190689655172415
35-56-4,599.97,13.59247682933049,106.22745601712255,85.6714711430158,127.43098119002002,115.84634653638182,54.44778287209945,23.8,13.8
35-56-6,185.94,18.745237908051653,167.2027538429914,139.71291316612738,214.1895394261733,194.71776311470296,91.51734866391038,37.10666666666667,18.965333333333334
36-58-1,1252.05,23.737744052150564,183.2741626332757,163.38387491564453,222.27611041168612,202.06919128335102,94.97251990317497,23.83529411764706,12.135882352941177
36-58-3,1089.39,24.822934255135817,201.1760009532704,176.7636360885122,237.34279853734668,215.76618048849696,101.41010482959356,22.154545454545453,11.856818181818182
36-58-4,221.07,4.667183488426794,25.119839973166002,24.115046374239363,35.26433623352334,32.05848748502121,15.067489117959969,19.833333333333332,10.391666666666666
36-58-6,95.73,21.64494940010082,231.24257970133522,203.05890925421335,290.0386223485045,263.6714748622768,123.92559318527009,62.21666666666667,21.393333333333334
36-65-1,1213.42,26.265235821713357,168.37661072215425,125.58979618541828,183.32289726520563,166.65717933200511,78.32887428604239,22.666666666666668,13.529666666666666
36-65-2,774.18,32.061441634292834,257.9074688349863,200.9236909314368,290.1406097592782,263.7641906902529,123.96916962441887,33.51290322580645,16.84903225806452
36-65-3,423.6,28.02007581960609,233.5991885037979,181.49239577414627,259.6784988975698,236.07136263415435,110.95354043805254,34.29615384615384,16.79269230769231
36-65-4,604.2,22.187882152117872,166.27489894148334,144.7315683314215,207.1891448004398,188.35376800039978,88.5262709601879,26.9375,15.279166666666667
36-65-5,1114.4,35.05955299188031,264.3305675135015,228.60920954544116,317.1167610147718,288.28796455888346,135.4953433426752,28.448648648648646,15.564864864864864
36-65-6,396.64,28.65719051915678,218.24680540206995,192.71033922369298,270.4210095823919,245.83728143853804,115.54352227611288,33.74333333333333,15.763
37-52-1,7.96,2.0454789130365243,16.623161033687133,6.117323260396865,8.835046074215846,8.03186006746895,3.7749742317104062,57.2,19.4
37-52-6,1023.02,8.157620915049762,43.55037117371167,29.352950171081666,43.0880332749032,39.170939340821086,18.410341490185907,12.76,9.620000000000001
37-59-1,512.01,20.211029940444266,165.32154215450527,144.25666268579536,209.2499600710079,190.22723642818897,89.40680112124882,29.669999999999998,16.3735
37-59-3,613.24,27.866112214869972,236.265469547263,205.08587439346206,296.92608269103016,269.93280244639107,126.86841714980379,35.57,17.037
37-59-4,155.87,14.242682443366927,138.83203515129276,113.0919997170309,163.6279473917708,148.75267944706437,69.91375934012024,37.266666666666666,19.224999999999998
37-59-6,663.65,26.919846906835886,210.81509345243543,175.04193866568787,251.93281793647256,229.0298344877023,107.64402220922007,32.358333333333334,15.6925
37-63-1,1838.74,39.156644133583,348.4879743016782,294.6205565602524,422.69040680794103,384.2640061890373,180.60408290884752,28.85151515151515,16.917878787878788
37-63-2,770.19,39.18846867136739,381.91711364372657,334.78406516809486,477.22915107108236,433.84468279189304,203.90700091218972,40.714814814814815,19.88888888888889
37-63-3,1042.52,21.380190783865633,145.3706751832196,101.86806045329618,148.2693197193272,134.79029065393382,63.35143660734889,24.055,11.8895
37-63-4,769.09,30.693830875421693,275.1309417221674,229.18618070319332,328.4452147465588,298.586558860508,140.33568266443876,33.48275862068966,18.654827586206896
37-63-5,647.3,21.61173469971324,189.34191541130474,161.83943028594854,227.43089273001033,206.7553570272821,97.17501780282258,27.44814814814815,19.013703703703705
37-63-6,575.05,44.78112846539,444.0979552892685,395.0921030277745,548.8607484309939,498.964316755449,234.513228875061,36.02564102564103,20.914358974358972
38-61-1,285.42,17.3829025194184,145.29610523844804,118.64472005735537,169.18133011249023,153.80120919317292,72.28656832079128,33.523529411764706,17.68235294117647
38-61-2,790.95,14.49620415602088,103.01246207133475,79.89409934463254,116.55190601528705,105.95627819571548,49.79945075198628,22.74375,13.51
38-61-3,735.02,11.589076070574936,67.07521880248777,51.58654915203918,75.2152213578124,68.37747396164762,32.13741276197438,21.146666666666665,10.364666666666666
38-61-5,327.2,17.533709200528783,151.41265499071721,122.63590790326172,174.0083277342294,158.18938884929943,74.34901275917073,32.5,18.041764705882354
39-58-1,787.22,16.422957860886587,97.20877761117991,80.36420838288636,115.55203253679174,105.0473023061743,49.37223208390192,22.504347826086956,11.577826086956522
39-58-3,859.65,3.344817302926161,10.938836003308703,7.372775466230065,10.826600802724505,9.842364366113186,4.625911252073196,9.383333333333333,4.933333333333334
39-58-4,639.29,7.795472573124119,33.820847476691874,28.493371854101994,41.70375100253393,37.912500911394474,17.8188754283554,16.744444444444444,7.8500000000000005
39-58-6,1785.02,16.785160395285505,96.64228983209854,81.71183609301706,117.958653090519,107.23513917319907,50.40051541140356,14.441666666666668,10.47625
4-76-1,258.89,21.841190249698347,193.44779084290684,165.15201566315355,233.32286412063672,212.11169465512427,99.6924964879084,40.58125,18.09875
4-76-3,109.67,20.537223382768104,159.48101086983877,137.7941993198575,193.51857129820127,175.92597390745567,82.68520773650417,47.638461538461534,17.525384615384617
4-76-4,160.08,29.02062919172507,271.7728149728617,226.34381102123749,319.58501288456955,290.5318298950632,136.54996005067972,48.470588235294116,19.623529411764707
40-60-1,111.65,19.101631244935,195.76944025619133,151.00662760768904,217.3446547588849,197.58604978080444,92.86544339697808,54.425,25.05125
40-60-2,549.14,36.773336088723944,367.61027852176267,278.5804312926412,413.9267299204987,376.29702720045333,176.85960278421305,41.987500000000004,21.415833333333335
40-60-3,376.92,20.336732759416392,179.09304058262572,129.87985162093653,187.15470235706127,170.14063850641932,79.96610009801708,37.67333333333333,17.586000000000002
40-60-6,456.06,18.137256328151054,141.57826889094235,121.35584377337875,172.6224465612542,156.92949687386744,73.7568635307177,34.3875,15.484375
41-53-1,490.76,9.822226612197543,50.85627832797267,37.897704013608376,55.36062122346528,50.32783747587752,23.654083613662436,21.416666666666668,10.141666666666667
41-53-3,216.68,17.896645461745926,142.58820431454575,120.08435261830374,172.05567431486432,156.41424937714936,73.5146972072602,32.857142857142854,16.695238095238096
41-53-4,549.5600000000001,10.022156602632258,56.08846273645293,41.250394712516744,60.240386676921595,54.763987888110535,25.73907430741195,21.0,10.456666666666665
41-53-6,528.1700000000001,25.50755693560818,200.19746682179726,178.7779831944291,252.3205204512193,229.38229131929023,107.80967692006641,28.603333333333335,16.665666666666667
41-58-1,1194.4,23.988083684875605,166.98988269992802,149.77944108943416,210.5328671280898,191.39351557099073,89.95495231836564,24.3125,13.7546875
41-58-3,1028.8500000000001,26.192383568275616,185.05613801589698,152.20232914490074,213.58849313788753,194.17135739807955,91.26053797709739,24.525714285714287,14.007428571428571
41-58-4,860.82,29.052118270245906,248.64886897125737,215.82245692725908,306.8947559627157,278.9952326933779,131.12775936588758,31.316666666666666,17.29375
41-58-6,1342.95,28.20252594139234,203.52913614058434,175.9120012049737,247.8086203032002,225.28056391200016,105.88186503864007,23.84375,14.295
41-61-2,143.70000000000002,3.61702718788704,21.92244252090369,17.06678965096653,24.91803837874458,22.65276216249507,10.646798216372682,22.366666666666664,12.083333333333334
41-61-3,463.56,6.277200494634681,32.39386981394311,23.520076326656007,34.41380579758898,31.28527799780816,14.704080658969833,17.75,8.87375
41-61-4,216.01,26.08830521118409,246.240851527424,196.12464111672193,283.66305366818807,257.87550333471637,121.20148656731669,40.78333333333333,19.918333333333337
41-61-5,214.85999999999999,6.1207901311461494,54.0612202065237,50.44750465951962,72.79631818033879,66.17847107303527,31.103881404326568,44.56666666666666,18.393333333333334
41-61-6,117.84,11.748343736143852,104.92741873606694,87.34452708290502,126.10544992397578,114.64131811270525,53.88141951297146,40.0,16.515
42-55-1,1365.27,21.90493126397613,138.75940172292286,120.43539261009306,176.23608855716645,160.2146259610604,75.30087420169838,19.025,12.754285714285714
42-55-3,1161.18,10.412102526047063,69.89741888357923,62.136059978671305,90.0379172796628,81.85265207242074,38.47074647403774,20.39375,13.09
42-55-4,1180.44,18.269696159051122,106.13358969169107,96.37664471944754,142.95477709120723,129.95888826473384,61.0806774844249,21.400000000000002,11.96
42-55-6,557.76,15.40578225135163,116.91915663995445,100.90751209434373,140.34787230868235,127.58897482607485,59.96681816825517,24.571428571428573,14.996190476190478
43-50-1,164.71,6.549940641165577,38.5517500262291,25.625882850615437,37.41662125584962,34.01511023259056,15.987101809317561,24.29,11.421
43-50-3,263.77,23.598398411549287,203.42971869428138,175.9411651789466,242.4332334976343,220.393848634213,103.5851088580801,35.68333333333333,17.858333333333334
43-50-4,607.91,13.086304834700796,72.83201246628457,51.27352980031646,74.37299797338474,67.61181633944067,31.777553679537114,26.714285714285715,8.356428571428571
43-50-6,201.86,23.397266675530776,204.54968359207595,170.89004046211403,238.11880325185518,216.47163931986833,101.74167048033812,42.029411764705884,18.751176470588234
43-54-1,891.08,15.152761575602034,84.0807705696595,66.6269106105682,97.20474582764439,88.36795075240398,41.53293685362987,23.544444444444444,11.546111111111111
43-54-3,2283.68,20.624905375101463,130.23993213077964,95.81467192243295,139.92527660506886,127.20479691369896,59.78625454943851,17.9,11.185
43-54-4,657.03,23.77943890071187,169.0679583260956,131.1547127117056,190.94109031942824,173.58280938129838,81.58392040921024,28.224137931034484,14.875862068965516
43-54-6,1100.8700000000001,17.755516189769555,120.4890930676603,89.35222051146519,130.37754185546504,118.52503805042275,55.706767883698696,22.831818181818182,13.329545454545455
44-48-1,39.8,20.169264570981866,181.8675611772781,157.63005012672463,224.59073605277598,204.1733964116145,95.96149631345881,74.97999999999999,17.686
44-48-3,165.6,22.635347346201602,165.7240683837394,133.9910757888468,189.42249264483385,172.20226604075805,80.93506503915627,45.07142857142857,15.276428571428571
44-48-4,111.44,44.32419466812798,437.2932945226756,384.8180991799545,547.5177024521286,497.7433658655714,233.93938195681852,70.58571428571427,22.805714285714284
44-48-6,87.56,26.825054547849653,262.4663231735737,214.17173390571156,304.74719302013193,277.04290274557445,130.21016429041998,59.58181818181818,21.673636363636362
44-55-1,813.0600000000001,13.451835187511827,98.14739302151321,80.46314681684122,116.53160362993044,105.93782148175494,49.79077609642482,21.76111111111111,13.416666666666666
44-55-3,716.04,22.767966075095323,178.5418573451076,154.12499612653897,213.97568214849855,194.52334740772594,91.42597328163117,26.669565217391302,15.45695652173913
44-55-4,947.9,31.250936050903455,281.0435606980673,246.54647257438302,353.47763563827544,321.34330512570494,151.0313534090813,35.17826086956522,17.146521739130435
44-55-6,1263.14,21.891444689457607,160.46556356306732,143.5282367557774,206.33386355712932,187.57623959739027,88.16083261077343,22.00357142857143,14.52
45-50-1,946.36,15.659362908137748,117.1985118979081,98.29566385342177,131.56647239891186,119.60588399901077,56.21476547953506,19.673684210526318,12.88578947368421
45-50-2,537.85,14.915244439686417,128.0296645194481,100.58494892895578,140.93975542152458,128.12705038320416,60.219713680105954,28.959999999999997,15.329333333333333
45-50-3,1864.81,25.94632974337249,200.30182800914992,175.09490607895722,233.915625525756,212.65056865977817,99.94576727009574,20.204,13.1876
45-50-4,825.44,15.731703427548146,106.01800712944402,87.62468514750255,123.72963755483754,112.48148868621593,52.866299682521486,22.116666666666667,12.715555555555556
45-50-5,418.72,16.892931600293547,136.57040152484075,106.59014978307162,154.5315186208028,140.48319874618437,66.02710341070664,28.572222222222226,16.150555555555556
45-50-6,1418.92,17.560521853451135,125.16827360609547,101.30583234608632,144.24081094308855,131.1280099482623,61.63016467568328,24.08823529411765,13.22764705882353
45-52-4,214.92,51.11408509821057,475.19397516270874,415.3585573387874,590.3019784229907,536.6381622027187,252.2199362352778,53.62592592592593,20.697037037037035
45-52-6,682.63,21.38957143815758,179.9053184210561,139.94515812960202,200.41972028989926,182.1997457180902,85.63388048750241,34.7375,16.515
46-52-1,616.82,23.346811173841687,168.55409519397668,117.6342503364601,171.5648091750401,155.96800834094552,73.30496392024439,25.446875000000002,14.4496875
46-52-3,325.43,13.729352942486596,97.82725552002871,81.42704949050245,118.44649079583377,107.6786279962125,50.60895515821987,28.425,15.193125
46-52-4,376.94,24.038756184223256,225.03030618335086,190.545856933224,275.02007596716925,250.01825087924476,117.50857791324502,33.69444444444444,16.708333333333332
46-52-6,1726.64,21.97893847682907,162.7281961380507,123.04530938862416,177.6567786816383,161.50616243785296,75.90789634579089,23.651851851851852,13.997037037037037
47-55-2,784.09,14.563687553277342,121.215845129336,95.6335073161846,138.81437089255843,126.19488262959855,59.31159483591132,23.969230769230766,14.666153846153845
47-55-3,960.28,24.745930379152373,194.01022404469506,161.8369872561064,234.67658249878878,213.3423477261716,100.27090343130065,31.217391304347824,15.459999999999999
47-55-5,1358.39,15.8156538675435,101.46203615930278,79.07431077678297,115.7099624742818,105.1908749766198,49.4397112390113,17.481818181818184,12.030909090909091
48-52-1,1051.13,20.07925559311601,165.15390750037284,139.12233517534287,196.50583935549096,178.6416721413554,83.96158590643704,25.90952380952381,14.542380952380952
48-52-2,284.32,16.50388111717881,152.57407464427095,124.35818766571478,176.91788268149594,160.83443880135994,75.59218623663917,30.810526315789474,19.47684210526316
48-52-3,581.4,29.443223841902952,281.4624660465438,236.9398962478784,339.91334762751455,309.0121342068314,145.23570307721073,34.25,17.01125
48-52-4,566.8199999999999,17.145841000831354,140.285438217545,120.21455336206276,165.13052637443909,150.11866034039917,70.5557703599876,27.57,15.766
48-52-5,620.77,22.073248781984557,181.28541640880627,151.00429108724433,211.2691581755876,192.062871068716,90.2695494022965,28.71153846153846,16.573076923076922
48-52-6,615.6800000000001,24.50582146071347,215.27883187750018,187.25502136453633,264.98996131572534,240.89996483247756,113.22298347126444,32.291666666666664,17.88416666666667
5-73-4,424.89,12.59682885779055,89.71091232697356,58.01348127228107,84.47460579479433,76.79509617708575,36.0936952032303,28.19333333333333,16.557333333333332
5-76-1,210.92000000000002,24.38632562771871,219.17605773595398,177.672211804774,253.19130000393906,230.17390909449003,108.18173727441032,44.89375,19.110625
5-76-3,517.35,40.785060529047115,371.58562141250735,326.9953468430065,447.79401567443387,407.08546879493986,191.3301703336217,36.435135135135134,18.624864864864865
5-76-4,213.36,28.95079054245621,244.84496193513024,213.31161393316913,299.0101071027011,271.82737009336466,127.75886394388138,44.125,17.69
5-76-6,265.75,23.037254239618456,201.605503848714,169.84103187778518,241.92493887605073,219.93176261459155,103.36792842885801,38.26315789473684,17.67578947368421
5-79-2,264.6,16.832531308519698,209.69927110211103,161.52615687194503,231.2923912220442,210.26581020185836,98.82493079487341,60.25,22.1
5-79-3,2013.32,32.649949847926635,244.66683995857693,164.1526977048124,237.51683780222666,215.92439800202422,101.48446706095137,24.0,10.24263157894737
5-79-6,712.26,25.204484397847608,225.05321739956975,151.26374086067676,218.70583940074792,198.82349036431629,93.44704047122865,29.03846153846154,12.212307692307691
50-53-1,524.35,12.601695820983474,97.86275583830873,84.56280396539064,121.34456151197301,110.31323773815728,51.84722173693392,30.2,16.370714285714286
50-53-2,487.01,12.724289444976254,91.94447422775335,73.0268195297712,106.53782302617515,96.85256638743195,45.52070620209302,25.2375,14.401875
50-53-3,195.21,6.412108706298598,49.739821602228744,41.09877157267943,58.21046094305008,52.91860085731825,24.871742402939578,26.975,15.21125
50-53-4,623.83,13.67200603529861,101.70154651330229,89.87513044984516,130.7017318827281,118.81975625702552,55.845285440801995,27.425,15.251875
50-53-5,294.67,6.810262119060724,48.75504998635543,45.0437784357662,65.48766882216152,59.5342443837832,27.9810948603781,29.5,15.418571428571429
50-53-6,593.09,10.230741107486951,83.06261806173919,64.60296997258666,90.24306090011896,82.03914627283541,38.55839874823264,26.27,14.538
51-51-1,734.59,19.758716569891682,147.79321573549845,129.72568282733496,188.31575054748907,171.19613686135366,80.46218432483623,27.05,14.591999999999999
51-51-2,184.84,21.88943383453986,197.754079688981,152.91323493746756,221.288986783136,201.17180616648727,94.55074889824901,36.30588235294118,18.63
51-51-3,1305.34,28.154374766498734,212.18852032631102,156.7983021084705,228.00707222700137,207.27915657000122,97.42120358790056,28.799999999999997,15.715483870967741
51-51-4,421.81,21.23373480017343,172.99535677277274,128.27292700746108,186.1752646091974,169.25024055381581,79.54761306029343,33.599999999999994,17.412272727272725
51-51-5,1063.73,20.944119871447114,154.66421849594107,111.25232465452031,162.82400509808446,148.0218228164404,69.57025672372698,25.33076923076923,15.458076923076923
51-51-6,417.19,17.45546236126593,136.84673878901384,100.69875594314372,146.77256946105985,133.4296086009635,62.71191604245284,25.904,15.9816
52-51-1,452.54,18.464350865641745,142.58709345741198,118.75123417995717,172.67502813626558,156.97729830569597,73.7793302036771,29.099999999999998,15.381764705882354
52-51-3,604.85,24.51111649732137,208.50692056931535,179.26446829487105,260.02982520579184,236.39075018708348,111.10365258792923,31.150000000000002,17.299583333333334
52-51-4,886.6800000000001,16.454927610937403,116.2588876336073,93.44670103747175,132.67152638529706,120.61047853208822,56.68692491008146,22.572727272727274,13.576363636363636
52-51-5,602.4300000000001,20.447521299234594,169.1473091702697,138.37245374693435,197.28429670594664,179.34936064176966,84.29419950163174,26.208695652173912,15.686521739130436
52-51-6,961.16,15.376237614479843,91.94637511856682,79.1144301919506,115.95758109289207,105.41598281172007,49.54551192150843,21.625,11.922
53-54-2,388.63,15.130376526286016,135.6202426369741,118.2897623465075,173.07029081324626,157.33662801204204,73.94821516565975,34.1,17.349999999999998
53-54-3,521.9300000000001,18.954844836381476,170.01475458250442,150.94193306561397,213.91641817171083,194.46947106519164,91.40065140064007,32.169230769230765,16.017692307692307
53-54-4,71.64,23.88584769123383,261.00082345936,229.68072464423682,326.40288136838893,296.7298921530808,139.46304931194797,63.266666666666666,24.615555555555556
53-54-5,378.69,26.531079284869694,249.74812559065583,220.13858317328564,311.62241188219673,283.2931017110879,133.1477578042113,44.20625,18.58625
53-54-6,778.36,32.05257074267884,269.32593073664555,234.5492450894101,328.97362438864087,299.0669312624008,140.56145769332835,37.91818181818182,17.282272727272726
54-51-1,447.64,4.650359081669576,24.18810905173842,23.220584689668883,34.06792372051738,30.970839745924888,14.556294680584696,12.566666666666668,9.084999999999999
54-51-2,746.08,11.432781411943836,73.670427764188,64.35282736602645,76.92334488773095,69.93031353430085,32.8672473611214,14.9,11.101666666666667
54-51-3,646.6,8.486262702630304,47.41076417311878,45.33240827774066,66.45829937490669,60.416635795369714,28.395818823823767,13.85,9.555
54-51-4,1520.36,6.9403488735013035,28.27376660883219,25.209072691068208,34.82527752972379,31.659343208839804,14.879891308154708,10.318181818181818,6.501818181818181
54-51-5,248.68,1.4580482421209635,2.7085793047426177,2.427809044590214,3.56778166598848,3.2434378781713455,1.5244158027405323,10.1,2.7
54-51-6,195.21,6.968772582260309,54.92186968206117,44.73921993052756,63.35156820508433,57.59233473189483,27.06839732399057,27.5625,15.465
55-54-2,1074.5900000000001,17.530809918916564,122.14417780723869,107.48687647037005,129.38989106312786,117.6271736937526,55.28477163606372,16.976190476190474,12.577142857142857
55-54-3,2942.8,48.629165066404546,360.4853608178329,317.2271175196929,385.80674568499285,350.7334051681753,164.84470042904238,16.547457627118643,13.17593220338983
57-48-2,1634.03,17.579305223869444,92.68093956756775,71.94622359588101,100.28192326701851,91.16538478819865,42.84773085045336,14.280000000000001,8.878
57-48-3,1307.29,7.880451594116202,35.51791891911157,28.65535263052434,44.05555366283228,40.05050332984752,18.823736565028334,11.266666666666666,7.119166666666666
57-48-4,1266.91,18.17672245234409,109.36053187412946,87.89182146432977,128.85048367398642,117.13680333998765,55.054297569794194,17.677777777777777,11.131851851851852
57-48-5,488.78000000000003,14.081849432134469,112.86329169771074,94.36283328599536,137.07914180090273,124.61740163718429,58.57017876947661,27.494117647058825,15.533529411764706
58-48-1,942.1800000000001,21.38240069009391,162.0561790433194,125.22388440773058,182.6755581157321,166.06868919612006,78.05228392217643,24.082142857142856,15.442499999999999
58-48-2,1373.23,25.211797876319515,179.71626985003442,143.18985923431487,209.3931331547723,190.3573937770657,89.46797507522088,20.486206896551725,13.56655172413793
58-48-3,2063.75,22.671344869361732,122.9709322197409,98.96632430380821,144.96725431619282,131.78841301472073,61.94055411691874,17.003846153846155,9.875
58-48-4,907.43,10.864904634168767,72.83943445076751,53.29282578489213,77.71335967822783,70.64850879838893,33.204799135242794,21.779999999999998,12.942666666666666
58-48-5,716.02,14.662418794008754,106.24620559331507,90.27874753332488,131.76366124996932,119.7851465908812,56.299018897714156,24.555,15.74
58-48-6,500.08000000000004,18.006307583518183,121.28409835981192,97.34663469477628,142.10673077221375,129.18793706564884,60.718330420854954,24.686363636363637,14.183181818181817
59-48-1,481.92,14.646642775989948,134.40864184417615,115.76653247233081,161.43980385083287,146.7634580462117,68.9788252817195,28.421428571428574,15.758571428571429
59-48-2,58.370000000000005,5.717087526930447,35.919839786695945,24.96532278168827,34.563595863463746,31.421450784967035,14.768081868934505,36.4,11.0
59-48-3,1472.3899999999999,7.186507556913225,27.94019434515821,19.819186802516654,28.506868155165407,25.915334686514,12.18020730266158,13.090909090909092,6.357272727272728
59-48-4,1168.51,14.779115020272215,104.09680205366026,87.81672417489685,123.76757974850881,112.51598158955345,52.88251134709012,18.759999999999998,12.432500000000001
59-48-5,941.9,11.058450225034983,53.56036897931749,45.625679337996786,66.59509517058073,60.54099560961885,28.454267936520857,22.557142857142857,9.766428571428571
59-48-6,833.4,18.460048258153112,95.02229168960555,78.14475547866272,114.50084916537352,104.09168105943047,48.92309009793232,23.926315789473687,12.053684210526317
6-76-3,676.4200000000001,25.808115162520302,256.03322849271615,223.64465803818393,318.4008877770607,289.4553525246006,136.04401568656226,48.93076923076923,19.900769230769228
6-76-4,1323.25,18.126552592113047,128.31146259242595,105.23401930728483,149.65549050314223,136.05044591194746,63.943709578615305,17.65,10.9265
6-76-6,143.28,31.597342704564014,301.73869764613687,266.6643901341808,377.9205483562643,343.56413486933116,161.47514338858565,52.355555555555554,21.072222222222223
60-52-3,388.89,16.293854982579276,121.48470813188568,105.97085879811097,138.45354863114207,125.86686239194734,59.15742532421524,26.37826086956522,14.490869565217393
60-52-4,137.97,13.913290765473953,121.11680070034004,106.58278461629924,145.39890277228346,132.1808207020759,62.124985729975656,35.78666666666666,17.426
60-52-5,1245.89,23.134836340735056,177.73782353720372,152.33328760932244,203.84887642006393,185.3171603818763,87.09906537948186,24.94516129032258,14.999354838709678
62-43-1,570.36,20.999376072286083,179.69780899089906,158.4575034482406,225.0799753410348,204.61815940094073,96.17053491844213,30.704545454545453,17.251818181818184
62-43-2,712.91,9.029404928191516,53.28180404011545,39.38485106734827,57.587207588380906,52.352006898528096,24.6054432423082,19.484615384615385,11.210769230769232
62-43-3,1541.22,22.46274907048145,139.23762030181481,109.43065011326335,159.74239749661393,145.22036136055812,68.25356983946232,20.323333333333334,11.956666666666667
62-43-4,165.81,5.7597582484177385,33.856111327462834,23.67383727556075,34.477753584906665,31.34341234991515,14.731403804460118,26.2875,11.5375
62-43-5,182.4,11.908268465816269,95.90978496329927,76.2260082515616,108.18105101815253,98.34641001650229,46.22281270775608,31.646153846153844,15.600769230769231
62-43-6,1817.49,21.516159251634207,136.95822166200225,105.40550370313201,153.35069272805885,139.40972066187166,65.52256871107967,21.74,11.5156
66-41-1,173.56,16.23848222079888,131.3891900205301,110.49441599004236,159.04612597156662,144.58738724687873,67.95607200603301,37.55333333333333,16.167333333333332
66-41-3,348.62,19.436818721450877,175.55549647697245,150.81034467255944,214.8366228698677,195.3060207907888,91.79382977167074,41.93076923076923,17.979230769230767
66-41-4,321.22,8.714608814877764,58.385845864029946,47.76226185554459,68.72835363483698,62.480321486215416,29.365751098521248,22.80909090909091,9.682727272727274
66-41-6,405.84000000000003,1.8011622474991655,7.3205326604576975,4.934039013148488,7.194611579514239,6.54055598137658,3.074061311246993,16.0,6.31
66-46-1,832.04,9.66487403794831,54.92121267916651,47.647363258014394,73.58369345403185,66.89426677639257,31.44030538490451,17.89,11.117
66-46-3,475.94,7.065419305580229,28.055906586502058,24.632400579845758,35.219280918490654,32.017528107718775,15.048238210627824,17.0375,7.3875
66-46-4,227.26,3.7422662292436826,13.19699212941483,12.603821552348201,18.46234155322284,16.783946866566218,7.888455027286121,16.05,6.7
66-46-5,506.7,11.707857960931207,92.23384388984216,80.99294920143791,107.9436992092728,98.13063564479343,46.12139875305291,20.24705882352941,15.378823529411765
66-46-6,1186.41,14.85788132973432,86.31952981395344,66.49625642249717,96.57465249929521,87.7951386357229,41.263715158789765,15.241176470588236,10.586470588235294
68-42-1,70.75,3.85129877584816,22.31366325934268,18.58820482196352,27.11717402735042,24.65197638850038,11.586428902595177,26.24,12.322
68-42-3,78.71000000000001,3.8199348034007703,23.9716107939433,20.844356671638764,30.41814381773821,27.65285801612564,12.99684326757905,25.3,13.49
68-42-4,852.21,24.375454224880777,197.32318682279765,160.37683171802587,231.34266500917917,210.31151364470833,98.8464114130129,26.656521739130437,13.063913043478262
68-42-6,177.98000000000002,18.912647042398273,182.87449895918667,148.0132532969662,213.72003130946135,194.29093755405574,91.3167406504062,40.76428571428572,19.36285714285714
68-43-1,1102.85,14.87590350796063,92.80671586002711,79.23403864979613,115.89111448451897,105.35555862228996,49.51711255247628,18.21764705882353,11.609411764705882
68-43-2,927.15,24.802485330102297,188.62034741818056,162.8083253462542,221.84629682176913,201.67845165615375,94.78887227839226,27.523333333333333,14.073666666666666
68-43-3,621.18,25.29568295547971,226.58696459795962,201.5599618304542,287.78238915198835,261.6203537745348,122.96156627403137,39.599999999999994,17.086666666666666
68-43-4,1043.17,17.94153192496985,114.94975325308923,99.52993025545521,141.2254245031088,128.3867495482807,60.34177228769193,23.71,12.248999999999999
68-43-5,957.17,14.205706298387238,88.15429654135582,72.13283311821579,104.08005334621349,94.61823031473953,44.47056824792758,23.55,11.408125
7-74-1,358.14,37.51879400661906,342.98906711183423,300.10953066606095,425.4690054919332,386.7900049926665,181.79130234655327,49.938095238095244,18.003809523809522
7-74-3,959.38,33.326224209307,249.85675205778773,208.31871057244138,294.98098661952054,268.1645332904732,126.03733064652239,40.29565217391305,15.943913043478263
7-74-4,1688.19,33.54363125666475,274.0336034648454,236.05922136602686,326.78487193453697,297.07715630412446,139.62626346293848,31.108571428571427,15.74485714285714
7-74-6,891.76,41.20463890470236,342.58912887863676,298.2339086061815,422.907701134442,384.4615464858563,180.69692684835246,41.225,16.52785714285714
7-80-1,241.45,28.978095899208405,265.55621317445593,235.32224922669923,330.8795476025554,300.79958872959577,141.37580670291,38.86071428571428,18.5575
7-80-2,1121.03,35.92339875801914,275.11245870610924,243.30413240291202,333.8037172020948,303.457924729177,142.6252246227132,29.974418604651166,15.098604651162791
7-80-3,405.22,14.952181141970339,119.14749093969988,104.9396814566611,145.56407708023667,132.3309791638515,62.1955602070102,30.58235294117647,15.92235294117647
7-80-4,245.87,24.985038339047954,219.67849724028864,191.52249863766272,269.82040806353604,245.29128005776,115.28690162714719,36.211111111111116,18.6537037037037
7-80-5,426.04,26.980560297587566,217.83762408676344,188.7979709454578,261.6990279552365,237.90820723203316,111.81685739905558,31.966666666666665,16.748
7-80-6,262.0,21.56335574364428,178.138708485259,159.8344795378259,226.57496744994165,205.9772431363106,96.80930427406597,35.15652173913043,16.835652173913044
70-42-1,283.44,38.71717082919675,353.6245313785406,293.5581340998061,420.96084396552345,382.691676332294,179.86508787617817,46.38636363636363,19.633636363636363
70-42-3,666.28,18.868661839274814,160.53420678513712,129.72735135100817,187.31930890709262,170.29028082462963,80.03643198757592,30.099999999999998,16.87
70-42-4,1369.89,20.57618621596405,140.50412561410855,117.2176214907266,170.975502581144,155.43227507376727,73.05316928467062,21.924,13.2976
70-42-6,384.90000000000003,28.006362013690932,235.38743133426323,200.88098089349458,290.5398780419783,264.1271618563439,124.13976607248162,37.60526315789474,16.849999999999998
71-42-1,1165.82,29.812395222059678,306.6100847545837,264.63327434815716,378.75531164039637,344.3230105821785,161.83181497362386,39.16875,17.45625
71-42-3,633.58,23.025545900789645,189.0191404079757,158.31574108729816,225.38879624652287,204.89890567865714,96.30248566896886,31.357142857142858,15.05952380952381
71-42-4,1975.96,14.185616206066612,77.10462459848719,63.03759599010562,92.52284637024779,84.11167851840707,39.53248890365133,12.466666666666667,9.609444444444444
71-42-6,106.34,2.676842094712765,16.017485168948454,11.654426790028376,17.04789864345913,15.498089675871936,7.2841021476598105,19.919999999999998,11.208000000000002
72-41-1,342.64,6.277899027761207,31.889120860441622,25.118234085189254,36.59312974775351,33.266481588866824,15.635246346767406,24.585714285714285,8.925714285714285
72-41-3,1102.8700000000001,17.32886746349787,94.34770689823878,83.68437229748912,121.21654466918709,110.19685879017007,51.79252363137993,17.994999999999997,10.231
74-39-1,230.37,9.60244275364781,56.51738752003966,50.84062327504667,74.11132919639392,67.37393563308538,31.665749747550123,26.153846153846153,12.850769230769231
74-39-3,464.71000000000004,22.503315160510283,170.55800148389474,137.01319133552585,199.18611155429528,181.07828323117752,85.10679311865343,30.495652173913044,15.654347826086957
74-39-4,101.71,17.490671132612505,135.33621329574558,112.81545541888288,163.32582598954878,148.4780236268625,69.78467110462537,43.25833333333333,18.43
74-39-6,723.98,20.303576948183103,162.93994152464157,126.79858504613765,184.42590647178855,167.6599149743532,78.800160037946,28.714285714285715,16.39428571428571
74-42-1,262.62,24.35149210390664,234.83598019469395,206.65566257133068,293.52388852749857,266.8398986613623,125.41475237084028,61.75555555555555,20.70777777777778
74-42-3,95.52,23.389494713027005,242.01533103955012,212.24258793342958,301.22827122773333,273.843882934303,128.7066249791224,54.666666666666664,22.23
74-42-4,79.6,26.793876973948382,285.3225656604447,247.38890520094162,353.589356909179,321.4448699174354,151.07908886119463,63.81,24.774
74-42-6,502.26,28.553784007362186,290.73657957028803,243.13657493167398,347.0851170592573,315.5319245993248,148.30000456168264,39.28,16.559333333333335
75-42-1,598.22,12.675275934315161,78.0582852441919,58.32928522804508,82.57611081473233,75.06919164975666,35.28252007538563,19.299999999999997,10.827222222222224
75-42-3,228.18,31.923280868922802,293.15944725388977,245.91518758941208,347.514838398369,315.92258036215367,148.4836127702122,42.1,19.28291666666667
75-42-4,442.6,20.175619172544042,171.59678600468354,142.21427488185802,202.48601888306683,184.07819898460622,86.51675352276492,30.43809523809524,16.093809523809526
75-42-6,717.12,22.798457211001786,182.94034775319318,151.0141097241332,214.19117644828447,194.71925131662223,91.51804811881244,32.150000000000006,15.591666666666669
76-43-2,47.76,27.112460889816607,340.1351108014527,307.03122177692876,438.438393992722,398.5803581752018,187.33276834234485,81.03333333333333,29.735
76-43-3,71.64,28.021086799829973,308.31744518530695,273.8679110581161,393.4214321858409,357.65584744167353,168.09824829758657,66.63333333333333,26.028888888888886
76-43-4,660.5,13.733831133588637,104.90715364366817,85.18274291190968,123.43803146081262,112.21639223710238,52.741704351438116,34.35454545454546,16.253636363636364
76-43-5,79.6,9.009568645141373,78.2200267174036,64.7592737503538,93.98354728772082,85.43958844338256,40.1566065683898,37.67,20.921
77-42-1,1318.4,23.507286027803673,148.63267397783977,121.54977592754928,167.7304875320636,152.48226139278506,71.66666285460897,22.357692307692307,10.83769230769231
77-42-3,619.62,8.090895709764318,47.989202013090654,37.644856411755626,49.84150576158486,45.31045978325896,21.295916098131713,20.254545454545454,10.642727272727273
77-42-4,2009.55,20.618482600978705,130.98751197565585,114.95250405937853,158.36095092389698,143.96450083990632,67.66331539475597,22.990000000000002,10.9175
77-42-6,459.83000000000004,18.60162096593254,137.96303658274053,119.86197372529229,161.96773295301026,147.24339359364566,69.20439498901345,29.32,12.882666666666667
78-42-1,117.63,31.09761267133421,313.7665263538253,266.52381606926656,378.7941465896603,344.3583150815093,161.84840808830938,56.857142857142854,21.678571428571427
78-42-3,576.55,35.33289178459931,356.54816292321317,307.3368430268039,433.72545928442537,394.29587207675036,185.31905987607266,39.559090909090905,18.224545454545453
78-42-4,1584.06,41.1308903705885,366.812806436751,293.41685738709384,411.00521857832445,373.64110779847675,175.61132066528404,35.54090909090909,15.475
78-42-6,260.85,12.325783765429879,120.81796162596632,103.8332755954296,146.98493265434345,133.6226660494031,62.802653043219465,42.925,19.294999999999998
8-72-1,131.32,8.66739063017042,73.77156919973254,64.77841337392772,90.99335251265128,82.7212295569557,38.87897789176918,39.666666666666664,16.283333333333335
8-72-3,406.11,28.705070064095576,265.1485854466291,230.66262465030408,324.53691607435815,295.0335600675983,138.66577323177117,42.576190476190476,19.648095238095237
8-72-4,503.36,18.504496484909822,158.67037278873315,136.03797802696226,190.1522474559398,172.8656795053998,81.24686936753791,35.76153846153846,15.668461538461539
8-72-6,155.66,25.35447251343015,239.6431394120207,210.88596268257822,296.53702005061257,269.5791091369205,126.70218129435264,45.638888888888886,19.83555555555556
8-78-1,495.86,29.77712815846141,268.5663910657763,233.39339948378856,330.9270609335979,300.8427826669071,141.39610785344635,40.65238095238095,17.972380952380952
8-78-3,130.01,18.135023401902608,175.75101788180538,145.68633573563332,205.48402969073712,186.80366335521555,87.79772177695129,42.392857142857146,20.68357142857143
8-78-4,370.52,30.450748038983107,268.81578513093945,236.71674838588996,334.59849789886493,304.18045263533173,142.96481273860593,42.023809523809526,17.959047619047617
8-78-6,296.92,31.599526135020202,266.0238088516081,227.07817130425,322.69275533401753,293.3570503036523,137.87781364271657,43.839999999999996,17.407999999999998
85-40-1,735.52,24.722469208688796,199.17344424299867,174.8598367736393,221.70581017973507,201.55073652703186,94.72884616770497,24.938235294117646,15.761470588235294
85-40-3,477.57,28.271613160968368,235.01448100505152,206.81274328444533,267.9762280915909,243.61475281053714,114.49893382095246,28.007692307692306,16.723589743589745
85-40-4,786.38,24.83855386111038,191.30175549872044,168.345544838874,212.7228637572184,193.38442159747123,90.89067815081148,23.355555555555554,14.935555555555558
85-40-6,838.77,26.595655601510177,211.16959446951498,185.82924313317318,231.0071905677421,210.00653687976552,98.70307233348979,22.431428571428572,15.439714285714285
89-39-4,119.61,23.579061146930222,242.00384428387775,199.7590487567373,293.5728281682372,266.884389243852,125.43566294461043,54.544444444444444,22.90222222222222
9-76-1,644.5799999999999,18.737100821795696,206.24551925916163,182.43275083853496,257.9407749334651,234.49161357587732,110.21105838066232,45.18888888888889,19.423333333333332
9-76-3,47.76,18.89250322098929,191.5662665024224,168.49950987416412,240.88355277702306,218.98504797911184,102.92297255018255,68.68333333333334,23.71666666666667
9-76-4,676.42,25.1789256409471,234.36525068742924,209.46959886575047,298.821833277275,271.65621207025,127.67841967301749,47.099999999999994,19.43307692307692
9-76-6,1987.44,29.338835849439484,279.1353039232604,250.4773017071326,349.11158665299473,317.3741696845406,149.16585975173408,29.377777777777776,15.061111111111112
9-79-1,23.88,6.869694266226511,62.570233205064135,57.01601171445912,82.2134970947677,74.73954281342517,35.12758512230983,58.53333333333334,22.669999999999998
9-79-2,846.21,12.058802849383397,77.30506961213273,61.04433380962037,88.85844826933179,80.78040751757435,37.96679153325994,17.728571428571428,11.679285714285713
9-79-3,358.61,23.482932063831836,210.01948764996058,183.2475361079766,256.2111140253552,232.91919456850468,109.47202144719719,31.942307692307693,18.020384615384618
9-79-4,983.03,10.746190853541226,58.57794932252406,52.5086238528182,76.68616048593603,69.71469135085093,32.765904934899936,18.335714285714285,9.963571428571429
9-79-6,809.98,23.945973863340686,192.3169155611201,167.21224410142955,240.38580251100686,218.53254773727895,102.7102974365211,27.968000000000004,16.542
91-39-1,303.78000000000003,25.24179342598487,214.4625815562454,164.66350793696844,238.2695066284087,216.60864238946243,101.80606192304734,36.356521739130436,17.04826086956522
91-39-2,1159.93,30.284864854728152,240.86751355122365,200.43007430606644,280.4913102367576,254.99210021523416,119.84628710116004,25.881818181818183,15.005151515151516
91-39-3,1039.4,17.432276543544457,125.95229593053224,106.36425971511905,150.76534958528296,137.0594087138936,64.41792209552997,26.919047619047618,14.665714285714287
91-39-4,1166.53,25.09639178434916,205.41240264803554,174.18130531384352,235.24422704870085,213.85838822609165,100.51344246626307,26.552,14.5228
91-39-5,209.82,17.31355980981982,144.37714157659937,130.83599833429022,189.37519276429697,172.15926614936086,80.91485509019961,34.861111111111114,18.16
91-39-6,1285.23,19.767950653178378,142.43313329018187,109.84039513882144,158.44650410806642,144.04227646187854,67.69986993708292,22.955555555555552,13.923703703703703
95-38-4,1160.14,20.93156847052175,159.16010469502513,132.5584399141176,178.38537134067226,162.16851940061113,76.21920411828722,20.703703703703702,14.162222222222223
96-39-1,1088.45,30.928881052144135,351.2445510941329,307.5594152763123,441.1272611081497,401.0247828255906,188.48164792802757,44.66875,20.913125
96-39-2,436.39,23.87167679929554,232.10815737551772,198.7251923276372,280.0601057138638,254.6000961035125,119.66204516865088,39.53333333333333,19.863333333333333
96-39-3,617.43,29.77663828206495,309.201042813502,264.71812534450606,372.73418470740603,338.8492588249145,159.2591516477098,40.47727272727273,21.91909090909091
96-39-4,652.56,16.308408190635543,147.05170199379663,124.91460039687772,178.15174191850693,161.95612901682446,76.1193806379075,32.6,15.24076923076923
96-39-5,527.22,17.211034444078727,167.8566184264679,147.4529278388711,208.59152296686932,189.62865724260845,89.12546890402596,39.7,19.290769230769232
96-39-6,374.27000000000004,20.32507723861407,196.71607216405158,173.18675822589552,243.67531805578918,221.52301641435378,104.11581771474627,40.11176470588235,20.040588235294116
97-40-1,447.02,21.68037516125198,204.7520757156461,172.89056259857244,236.22619495466392,214.7510863224217,100.9330105715382,30.089999999999996,18.0995
97-40-2,3175.87,26.999111410060994,170.60837490031574,144.78303371671416,176.0405962095975,160.03690564508864,75.21734565319166,12.73611111111111,10.502777777777778
97-40-3,1122.58,20.856375722703106,153.84654599848034,127.82278373252555,157.2469247788503,142.95174979895484,67.18732240550877,15.5,13.378749999999998
97-40-4,170.02,16.586668633821585,160.56848962179646,135.4143567470574,191.22578802509156,173.84162547735593,81.70556397435729,39.253846153846155,19.646153846153847
97-40-5,566.13,13.92254629013051,113.04355463196133,93.97232689251955,131.7224540976326,119.74768554330237,56.28141220535211,29.95,15.452142857142857
97-40-6,111.44,17.263779758405235,171.02407131065837,150.50118275337937,211.80471489679547,192.5497408152686,90.49837818317623,43.978571428571435,21.55785714285714
98-41-3,370.96000000000004,7.635756083920747,51.98382142221761,45.05110831871711,57.53088549228607,52.300804992987324,24.581378346704042,20.099999999999998,12.029166666666667
98-41-4,612.35,11.974634060844638,71.72445716963541,61.463515982506415,77.80751901046949,70.73410819133589,33.24503084992787,21.125,11.46625
98-41-5,262.83,2.9584798128332688,8.349955977829884,6.209458597573833,9.089287869404645,8.26298897218604,3.883604816927439,17.400000000000002,4.7
